{"cameraMode":{"drawMode":0,"name":"Shaded","section":"Shading Mode"},"sceneLighting":true,"audioPlay":false,"sceneViewState":{"m_AlwaysRefresh":false,"showFog":true,"showSkybox":true,"showFlares":true,"showImageEffects":true,"showParticleSystems":true,"showVisualEffectGraphs":true,"m_FxEnabled":true},"in2DMode":false,"pivot":{"x":3.3441290855407717,"y":-5.798022270202637,"z":34.134910583496097},"rotation":{"x":-0.09010422974824906,"y":-0.04271518439054489,"z":0.0038663025479763748,"w":-0.9950108528137207},"size":19.819326400756837,"orthographic":false}