{"cameraMode":{"drawMode":0,"name":"Shaded","section":"Shading Mode"},"sceneLighting":true,"audioPlay":false,"sceneViewState":{"m_AlwaysRefresh":false,"showFog":true,"showSkybox":true,"showFlares":true,"showImageEffects":true,"showParticleSystems":true,"showVisualEffectGraphs":true,"m_FxEnabled":true},"in2DMode":false,"pivot":{"x":2.900404930114746,"y":-3.4150776863098146,"z":19.308109283447267},"rotation":{"x":-0.08106225728988648,"y":-0.062156595289707187,"z":0.005063263699412346,"w":-0.9947584867477417},"size":13.523225784301758,"orthographic":false}